id,alpha,sharpe,turnover,fitness,returns,drawdown,margin,weight,sub_univese,settings,min_corr,max_corr,score,code
"-(ts_delta(bookvalue_ps, 360))_{'instrumentType': 'EQUITY', 'region': 'USA', 'universe': 'TOP3000', 'delay': 1, 'decay': 0, 'neutralization': 'MARKET', 'truncation': 0.08, 'pasteurization': 'ON', 'unitHandling': 'VERIFY', 'nanHandling': 'OFF', 'maxTrade': 'OFF', 'language': 'FASTEXPR', 'visualization': False}","-(ts_delta(bookvalue_ps, 360))",1.18,0.0301,1.38,0.1711,0.1644,0.01135,"{'name': 'CONCENTRATED_WEIGHT', 'result': 'FAIL', 'date': '2019-07-23', 'limit': 0.1, 'value': 0.500001}","{'name': 'LOW_SUB_UNIVERSE_SHARPE', 'result': 'PASS', 'limit': 0.51, 'value': 1.09}","{'instrumentType': 'EQUITY', 'region': 'USA', 'universe': 'TOP3000', 'delay': 1, 'decay': 0, 'neutralization': 'MARKET', 'truncation': 0.0, 'pasteurization': 'ON', 'unitHandling': 'VERIFY', 'nanHandling': 'OFF', 'maxTrade': 'OFF', 'language': 'FASTEXPR', 'visualization': False}",-0.2313,0.5301,686.0,qYWGAkO
"-(subtract(ts_mean(divide(ebitda,winsorize(ts_backfill(debt_lt, 120))), 200), divide(ebitda,winsorize(ts_backfill(debt_lt, 120)))))_{'instrumentType': 'EQUITY', 'region': 'USA', 'universe': 'TOP3000', 'delay': 1, 'decay': 0, 'neutralization': 'MARKET', 'truncation': 0.08, 'pasteurization': 'ON', 'unitHandling': 'VERIFY', 'nanHandling': 'OFF', 'maxTrade': 'OFF', 'language': 'FASTEXPR', 'visualization': False}","-(subtract(ts_mean(divide(ebitda,winsorize(ts_backfill(debt_lt, 120))), 200), divide(ebitda,winsorize(ts_backfill(debt_lt, 120)))))",1.06,0.0527,2.05,0.4677,0.3909,0.017746,"{'name': 'CONCENTRATED_WEIGHT', 'result': 'FAIL', 'date': '2021-07-13', 'limit': 0.1, 'value': 0.432134}","{'name': 'LOW_SUB_UNIVERSE_SHARPE', 'result': 'PASS', 'limit': 0.46, 'value': 0.51}","{'instrumentType': 'EQUITY', 'region': 'USA', 'universe': 'TOP3000', 'delay': 1, 'decay': 0, 'neutralization': 'MARKET', 'truncation': 0.0, 'pasteurization': 'ON', 'unitHandling': 'VERIFY', 'nanHandling': 'OFF', 'maxTrade': 'OFF', 'language': 'FASTEXPR', 'visualization': False}",-0.104,0.1066,233.0,7vZmNP5
"-(ts_delta(divide(debt,equity),12))_{'instrumentType': 'EQUITY', 'region': 'USA', 'universe': 'TOP3000', 'delay': 1, 'decay': 0, 'neutralization': 'MARKET', 'truncation': 0.08, 'pasteurization': 'ON', 'unitHandling': 'VERIFY', 'nanHandling': 'OFF', 'maxTrade': 'OFF', 'language': 'FASTEXPR', 'visualization': False}","-(ts_delta(divide(debt,equity),12))",0.89,0.3159,0.89,0.3194,0.4922,0.002022,"{'name': 'CONCENTRATED_WEIGHT', 'result': 'FAIL', 'date': '2018-12-27', 'limit': 0.1, 'value': 0.500013}","{'name': 'LOW_SUB_UNIVERSE_SHARPE', 'result': 'PASS', 'limit': 0.39, 'value': 0.61}","{'instrumentType': 'EQUITY', 'region': 'USA', 'universe': 'TOP3000', 'delay': 1, 'decay': 0, 'neutralization': 'MARKET', 'truncation': 0.0, 'pasteurization': 'ON', 'unitHandling': 'VERIFY', 'nanHandling': 'OFF', 'maxTrade': 'OFF', 'language': 'FASTEXPR', 'visualization': False}",-0.0949,0.0674,542.0,0NRgx52
"multiply(rank(inverse(historical_volatility_30)), inverse(cap))_{'instrumentType': 'EQUITY', 'region': 'USA', 'universe': 'TOP3000', 'delay': 1, 'decay': 0, 'neutralization': 'MARKET', 'truncation': 0.08, 'pasteurization': 'ON', 'unitHandling': 'VERIFY', 'nanHandling': 'OFF', 'maxTrade': 'OFF', 'language': 'FASTEXPR', 'visualization': False}","multiply(rank(inverse(historical_volatility_30)), inverse(cap))",0.54,0.0826,0.32,0.0437,0.1287,0.001059,"{'name': 'CONCENTRATED_WEIGHT', 'result': 'PASS'}","{'name': 'LOW_SUB_UNIVERSE_SHARPE', 'result': 'PASS', 'limit': 0.23, 'value': 0.5}","{'instrumentType': 'EQUITY', 'region': 'USA', 'universe': 'TOP3000', 'delay': 1, 'decay': 0, 'neutralization': 'MARKET', 'truncation': 0.0, 'pasteurization': 'ON', 'unitHandling': 'VERIFY', 'nanHandling': 'OFF', 'maxTrade': 'OFF', 'language': 'FASTEXPR', 'visualization': False}",-0.4475,0.2857,301.0,XvWzArm
"ts_rank(ts_delta(sales_growth, 360), 360)_{'instrumentType': 'EQUITY', 'region': 'USA', 'universe': 'TOP3000', 'delay': 1, 'decay': 0, 'neutralization': 'MARKET', 'truncation': 0.08, 'pasteurization': 'ON', 'unitHandling': 'VERIFY', 'nanHandling': 'OFF', 'maxTrade': 'OFF', 'language': 'FASTEXPR', 'visualization': False}","ts_rank(ts_delta(sales_growth, 360), 360)",1.03,0.0525,0.72,0.0605,0.0982,0.002308,"{'name': 'CONCENTRATED_WEIGHT', 'result': 'PASS'}","{'name': 'LOW_SUB_UNIVERSE_SHARPE', 'result': 'PASS', 'limit': 0.45, 'value': 0.99}","{'instrumentType': 'EQUITY', 'region': 'USA', 'universe': 'TOP3000', 'delay': 1, 'decay': 0, 'neutralization': 'MARKET', 'truncation': 0.0, 'pasteurization': 'ON', 'unitHandling': 'VERIFY', 'nanHandling': 'OFF', 'maxTrade': 'OFF', 'language': 'FASTEXPR', 'visualization': False}",-0.4109,0.5221,395.0,vpk6qza
"divide(equity, debt)_{'instrumentType': 'EQUITY', 'region': 'USA', 'universe': 'TOP3000', 'delay': 1, 'decay': 0, 'neutralization': 'MARKET', 'truncation': 0.08, 'pasteurization': 'ON', 'unitHandling': 'VERIFY', 'nanHandling': 'OFF', 'maxTrade': 'OFF', 'language': 'FASTEXPR', 'visualization': False}","divide(equity, debt)",-0.76,0.0297,-0.95,-0.1933,1.5747,-0.01301,"{'name': 'CONCENTRATED_WEIGHT', 'result': 'FAIL', 'date': '2022-02-10', 'limit': 0.1, 'value': 0.370832}","{'name': 'LOW_SUB_UNIVERSE_SHARPE', 'result': 'PASS', 'limit': -0.33, 'value': 0.14}","{'instrumentType': 'EQUITY', 'region': 'USA', 'universe': 'TOP3000', 'delay': 1, 'decay': 0, 'neutralization': 'MARKET', 'truncation': 0.0, 'pasteurization': 'ON', 'unitHandling': 'VERIFY', 'nanHandling': 'OFF', 'maxTrade': 'OFF', 'language': 'FASTEXPR', 'visualization': False}",-0.4533,0.1423,-34.0,E8vLJvK
"ts_zscore(divide(cashflow_op, fn_income_taxes_paid_a), 252)_{'instrumentType': 'EQUITY', 'region': 'USA', 'universe': 'TOP3000', 'delay': 1, 'decay': 0, 'neutralization': 'MARKET', 'truncation': 0.08, 'pasteurization': 'ON', 'unitHandling': 'VERIFY', 'nanHandling': 'OFF', 'maxTrade': 'OFF', 'language': 'FASTEXPR', 'visualization': False}","ts_zscore(divide(cashflow_op, fn_income_taxes_paid_a), 252)",0.52,0.0717,0.22,0.0221,0.0749,0.000615,"{'name': 'CONCENTRATED_WEIGHT', 'result': 'FAIL', 'date': '2019-01-18', 'limit': 0.1, 'value': 0.146124}","{'name': 'LOW_SUB_UNIVERSE_SHARPE', 'result': 'FAIL', 'limit': 0.23, 'value': 0.18}","{'instrumentType': 'EQUITY', 'region': 'USA', 'universe': 'TOP3000', 'delay': 1, 'decay': 0, 'neutralization': 'MARKET', 'truncation': 0.0, 'pasteurization': 'ON', 'unitHandling': 'VERIFY', 'nanHandling': 'OFF', 'maxTrade': 'OFF', 'language': 'FASTEXPR', 'visualization': False}",-0.3331,0.1679,138.0,8E3Ykav
"-(group_rank(divide(winsorize(ts_backfill(cashflow, 120)),winsorize(ts_backfill(assets, 120))),industry))_{'instrumentType': 'EQUITY', 'region': 'USA', 'universe': 'TOP3000', 'delay': 1, 'decay': 0, 'neutralization': 'MARKET', 'truncation': 0.08, 'pasteurization': 'ON', 'unitHandling': 'VERIFY', 'nanHandling': 'OFF', 'maxTrade': 'OFF', 'language': 'FASTEXPR', 'visualization': False}","-(group_rank(divide(winsorize(ts_backfill(cashflow, 120)),winsorize(ts_backfill(assets, 120))),industry))",1.14,0.0172,0.72,0.0495,0.061,0.005746,"{'name': 'CONCENTRATED_WEIGHT', 'result': 'PASS'}","{'name': 'LOW_SUB_UNIVERSE_SHARPE', 'result': 'PASS', 'limit': 0.49, 'value': 0.51}","{'instrumentType': 'EQUITY', 'region': 'USA', 'universe': 'TOP3000', 'delay': 1, 'decay': 0, 'neutralization': 'MARKET', 'truncation': 0.0, 'pasteurization': 'ON', 'unitHandling': 'VERIFY', 'nanHandling': 'OFF', 'maxTrade': 'OFF', 'language': 'FASTEXPR', 'visualization': False}",-0.3915,0.6786,31.0,GKdxklZ
"ts_zscore(divide(sales, ts_mean(assets, 252)), 60)_{'instrumentType': 'EQUITY', 'region': 'USA', 'universe': 'TOP3000', 'delay': 1, 'decay': 0, 'neutralization': 'MARKET', 'truncation': 0.08, 'pasteurization': 'ON', 'unitHandling': 'VERIFY', 'nanHandling': 'OFF', 'maxTrade': 'OFF', 'language': 'FASTEXPR', 'visualization': False}","ts_zscore(divide(sales, ts_mean(assets, 252)), 60)",0.97,0.1266,0.6,0.048,0.0588,0.000758,"{'name': 'CONCENTRATED_WEIGHT', 'result': 'PASS'}","{'name': 'LOW_SUB_UNIVERSE_SHARPE', 'result': 'PASS', 'limit': 0.42, 'value': 0.88}","{'instrumentType': 'EQUITY', 'region': 'USA', 'universe': 'TOP3000', 'delay': 1, 'decay': 0, 'neutralization': 'MARKET', 'truncation': 0.0, 'pasteurization': 'ON', 'unitHandling': 'VERIFY', 'nanHandling': 'OFF', 'maxTrade': 'OFF', 'language': 'FASTEXPR', 'visualization': False}",-0.2769,0.6071,58.0,Me1ZLLz
"ts_zscore(divide(sales,ts_mean(assets,252)),60)_{'instrumentType': 'EQUITY', 'region': 'USA', 'universe': 'TOP3000', 'delay': 1, 'decay': 0, 'neutralization': 'MARKET', 'truncation': 0.08, 'pasteurization': 'ON', 'unitHandling': 'VERIFY', 'nanHandling': 'OFF', 'maxTrade': 'OFF', 'language': 'FASTEXPR', 'visualization': False}","ts_zscore(divide(sales,ts_mean(assets,252)),60)",0.97,0.1266,0.6,0.048,0.0588,0.000758,"{'name': 'CONCENTRATED_WEIGHT', 'result': 'PASS'}","{'name': 'LOW_SUB_UNIVERSE_SHARPE', 'result': 'PASS', 'limit': 0.42, 'value': 0.88}","{'instrumentType': 'EQUITY', 'region': 'USA', 'universe': 'TOP3000', 'delay': 1, 'decay': 0, 'neutralization': 'MARKET', 'truncation': 0.0, 'pasteurization': 'ON', 'unitHandling': 'VERIFY', 'nanHandling': 'OFF', 'maxTrade': 'OFF', 'language': 'FASTEXPR', 'visualization': False}",-0.2769,0.6071,58.0,Me1ZLLz
"-(zscore(subtract(anl4_bvps_mean,bookvalue_ps)))_{'instrumentType': 'EQUITY', 'region': 'USA', 'universe': 'TOP3000', 'delay': 1, 'decay': 0, 'neutralization': 'MARKET', 'truncation': 0.08, 'pasteurization': 'ON', 'unitHandling': 'VERIFY', 'nanHandling': 'OFF', 'maxTrade': 'OFF', 'language': 'FASTEXPR', 'visualization': False}","-(zscore(subtract(anl4_bvps_mean,bookvalue_ps)))",0.63,0.0073,0.62,0.1216,0.3856,0.033131,"{'name': 'CONCENTRATED_WEIGHT', 'result': 'FAIL', 'date': '2018-02-05', 'limit': 0.1, 'value': 0.5}","{'name': 'LOW_SUB_UNIVERSE_SHARPE', 'result': 'FAIL', 'limit': 0.27, 'value': 0.17}","{'instrumentType': 'EQUITY', 'region': 'USA', 'universe': 'TOP3000', 'delay': 1, 'decay': 0, 'neutralization': 'MARKET', 'truncation': 0.0, 'pasteurization': 'ON', 'unitHandling': 'VERIFY', 'nanHandling': 'OFF', 'maxTrade': 'OFF', 'language': 'FASTEXPR', 'visualization': False}",-0.3164,0.3556,17.0,8E3YE6l
"subtract(ts_mean(implied_volatility_mean_30,21),ts_delay(ts_mean(implied_volatility_mean_30,21),21))_{'instrumentType': 'EQUITY', 'region': 'USA', 'universe': 'TOP3000', 'delay': 1, 'decay': 0, 'neutralization': 'MARKET', 'truncation': 0.08, 'pasteurization': 'ON', 'unitHandling': 'VERIFY', 'nanHandling': 'OFF', 'maxTrade': 'OFF', 'language': 'FASTEXPR', 'visualization': False}","subtract(ts_mean(implied_volatility_mean_30,21),ts_delay(ts_mean(implied_volatility_mean_30,21),21))",0.97,0.1375,1.16,0.1952,0.3019,0.002839,"{'name': 'CONCENTRATED_WEIGHT', 'result': 'FAIL', 'date': '2021-10-29', 'limit': 0.1, 'value': 0.500018}","{'name': 'LOW_SUB_UNIVERSE_SHARPE', 'result': 'PASS', 'limit': 0.42, 'value': 0.73}","{'instrumentType': 'EQUITY', 'region': 'USA', 'universe': 'TOP3000', 'delay': 1, 'decay': 0, 'neutralization': 'MARKET', 'truncation': 0.0, 'pasteurization': 'ON', 'unitHandling': 'VERIFY', 'nanHandling': 'OFF', 'maxTrade': 'OFF', 'language': 'FASTEXPR', 'visualization': False}",-0.1151,0.6174,76.0,QN3gx3M
"winsorize(ts_backfill(ts_delta(divide(winsorize(ts_backfill(income, 120)),winsorize(ts_backfill(cashflow_dividends, 120))),20),120))_{'instrumentType': 'EQUITY', 'region': 'USA', 'universe': 'TOP3000', 'delay': 1, 'decay': 0, 'neutralization': 'MARKET', 'truncation': 0.08, 'pasteurization': 'ON', 'unitHandling': 'VERIFY', 'nanHandling': 'OFF', 'maxTrade': 'OFF', 'language': 'FASTEXPR', 'visualization': False}","winsorize(ts_backfill(ts_delta(divide(winsorize(ts_backfill(income, 120)),winsorize(ts_backfill(cashflow_dividends, 120))),20),120))",0.84,0.2312,0.8,0.2101,0.3737,0.001817,"{'name': 'CONCENTRATED_WEIGHT', 'result': 'FAIL', 'date': '2020-10-12', 'limit': 0.1, 'value': 0.474989}","{'name': 'LOW_SUB_UNIVERSE_SHARPE', 'result': 'FAIL', 'limit': 0.36, 'value': -0.06}","{'instrumentType': 'EQUITY', 'region': 'USA', 'universe': 'TOP3000', 'delay': 1, 'decay': 0, 'neutralization': 'MARKET', 'truncation': 0.0, 'pasteurization': 'ON', 'unitHandling': 'VERIFY', 'nanHandling': 'OFF', 'maxTrade': 'OFF', 'language': 'FASTEXPR', 'visualization': False}",-0.0853,0.1828,-132.0,7vZlgAv
"-(ts_corr(mdl77_2earningmomentumfactor400_surp, ts_delay(divide(income, assets), 90), 120))_{'instrumentType': 'EQUITY', 'region': 'USA', 'universe': 'TOP3000', 'delay': 1, 'decay': 0, 'neutralization': 'MARKET', 'truncation': 0.08, 'pasteurization': 'ON', 'unitHandling': 'VERIFY', 'nanHandling': 'OFF', 'maxTrade': 'OFF', 'language': 'FASTEXPR', 'visualization': False}","-(ts_corr(mdl77_2earningmomentumfactor400_surp, ts_delay(divide(income, assets), 90), 120))",1.22,0.0455,0.68,0.0388,0.0548,0.001703,"{'name': 'CONCENTRATED_WEIGHT', 'result': 'PASS'}","{'name': 'LOW_SUB_UNIVERSE_SHARPE', 'result': 'PASS', 'limit': 0.53, 'value': 0.87}","{'instrumentType': 'EQUITY', 'region': 'USA', 'universe': 'TOP3000', 'delay': 1, 'decay': 0, 'neutralization': 'MARKET', 'truncation': 0.0, 'pasteurization': 'ON', 'unitHandling': 'VERIFY', 'nanHandling': 'OFF', 'maxTrade': 'OFF', 'language': 'FASTEXPR', 'visualization': False}",-0.1927,0.5814,17.0,aQLGOL9
"if_else(and(beta_last_30_days_spy>1,historical_volatility_30<0.15),1,0)_{'instrumentType': 'EQUITY', 'region': 'USA', 'universe': 'TOP3000', 'delay': 1, 'decay': 0, 'neutralization': 'MARKET', 'truncation': 0.08, 'pasteurization': 'ON', 'unitHandling': 'VERIFY', 'nanHandling': 'OFF', 'maxTrade': 'OFF', 'language': 'FASTEXPR', 'visualization': False}","if_else(and(beta_last_30_days_spy>1,historical_volatility_30<0.15),1,0)",1.57,0.2251,1.06,0.1018,0.0804,0.000905,"{'name': 'CONCENTRATED_WEIGHT', 'result': 'FAIL'}","{'name': 'LOW_SUB_UNIVERSE_SHARPE', 'result': 'PASS', 'limit': 0.68, 'value': 1.4}","{'instrumentType': 'EQUITY', 'region': 'USA', 'universe': 'TOP3000', 'delay': 1, 'decay': 0, 'neutralization': 'MARKET', 'truncation': 0.0, 'pasteurization': 'ON', 'unitHandling': 'VERIFY', 'nanHandling': 'OFF', 'maxTrade': 'OFF', 'language': 'FASTEXPR', 'visualization': False}",-0.2216,0.2957,43.0,x2Y5bRm
"greater(ts_delta(est_eps, 20), 0)_{'instrumentType': 'EQUITY', 'region': 'USA', 'universe': 'TOP3000', 'delay': 1, 'decay': 0, 'neutralization': 'MARKET', 'truncation': 0.08, 'pasteurization': 'ON', 'unitHandling': 'VERIFY', 'nanHandling': 'OFF', 'maxTrade': 'OFF', 'language': 'FASTEXPR', 'visualization': False}","greater(ts_delta(est_eps, 20), 0)",0.66,0.0931,0.32,0.0297,0.0924,0.000639,"{'name': 'CONCENTRATED_WEIGHT', 'result': 'PASS'}","{'name': 'LOW_SUB_UNIVERSE_SHARPE', 'result': 'FAIL', 'limit': 0.29, 'value': 0.22}","{'instrumentType': 'EQUITY', 'region': 'USA', 'universe': 'TOP3000', 'delay': 1, 'decay': 0, 'neutralization': 'MARKET', 'truncation': 0.0, 'pasteurization': 'ON', 'unitHandling': 'VERIFY', 'nanHandling': 'OFF', 'maxTrade': 'OFF', 'language': 'FASTEXPR', 'visualization': False}",-0.3538,0.5408,73.0,brRAzjm
"-(divide(subtract(ts_mean(divide(winsorize(ts_backfill(cash, 120)), winsorize(ts_backfill(liabilities_curr, 120))), 756), divide(winsorize(ts_backfill(cash, 120)), winsorize(ts_backfill(liabilities_curr, 120)))), divide(winsorize(ts_backfill(cash, 120)), winsorize(ts_backfill(liabilities_curr, 120)))))_{'instrumentType': 'EQUITY', 'region': 'USA', 'universe': 'TOP3000', 'delay': 1, 'decay': 0, 'neutralization': 'MARKET', 'truncation': 0.08, 'pasteurization': 'ON', 'unitHandling': 'VERIFY', 'nanHandling': 'OFF', 'maxTrade': 'OFF', 'language': 'FASTEXPR', 'visualization': False}","-(divide(subtract(ts_mean(divide(winsorize(ts_backfill(cash, 120)), winsorize(ts_backfill(liabilities_curr, 120))), 756), divide(winsorize(ts_backfill(cash, 120)), winsorize(ts_backfill(liabilities_curr, 120)))), divide(winsorize(ts_backfill(cash, 120)), winsorize(ts_backfill(liabilities_curr, 120)))))",1.11,0.0326,1.33,0.1786,0.2194,0.01095,"{'name': 'CONCENTRATED_WEIGHT', 'result': 'FAIL', 'date': '2022-11-14', 'limit': 0.1, 'value': 0.492631}","{'name': 'LOW_SUB_UNIVERSE_SHARPE', 'result': 'FAIL', 'limit': 0.48, 'value': 0.05}","{'instrumentType': 'EQUITY', 'region': 'USA', 'universe': 'TOP3000', 'delay': 1, 'decay': 0, 'neutralization': 'MARKET', 'truncation': 0.0, 'pasteurization': 'ON', 'unitHandling': 'VERIFY', 'nanHandling': 'OFF', 'maxTrade': 'OFF', 'language': 'FASTEXPR', 'visualization': False}",-0.1012,0.4703,-473.0,w2YWdg2
"ts_zscore(multiply(anl4_fcf_value, inverse(beta_last_360_days_spy), inverse(vwap)), 180)_{'instrumentType': 'EQUITY', 'region': 'USA', 'universe': 'TOP3000', 'delay': 1, 'decay': 0, 'neutralization': 'MARKET', 'truncation': 0.08, 'pasteurization': 'ON', 'unitHandling': 'VERIFY', 'nanHandling': 'OFF', 'maxTrade': 'OFF', 'language': 'FASTEXPR', 'visualization': False}","ts_zscore(multiply(anl4_fcf_value, inverse(beta_last_360_days_spy), inverse(vwap)), 180)",1.17,0.1731,0.73,0.0683,0.0654,0.000789,"{'name': 'CONCENTRATED_WEIGHT', 'result': 'PASS'}","{'name': 'LOW_SUB_UNIVERSE_SHARPE', 'result': 'PASS', 'limit': 0.51, 'value': 1.02}","{'instrumentType': 'EQUITY', 'region': 'USA', 'universe': 'TOP3000', 'delay': 1, 'decay': 0, 'neutralization': 'MARKET', 'truncation': 0.0, 'pasteurization': 'ON', 'unitHandling': 'VERIFY', 'nanHandling': 'OFF', 'maxTrade': 'OFF', 'language': 'FASTEXPR', 'visualization': False}",-0.1958,0.4821,-41.0,z2YLzGK
"-(divide(divide(close,est_epsr),ts_mean(divide(close,vec_avg(anl4_ady_mean)),250)))_{'instrumentType': 'EQUITY', 'region': 'USA', 'universe': 'TOP3000', 'delay': 1, 'decay': 0, 'neutralization': 'MARKET', 'truncation': 0.08, 'pasteurization': 'ON', 'unitHandling': 'VERIFY', 'nanHandling': 'OFF', 'maxTrade': 'OFF', 'language': 'FASTEXPR', 'visualization': False}","-(divide(divide(close,est_epsr),ts_mean(divide(close,vec_avg(anl4_ady_mean)),250)))",0.67,0.1498,0.93,0.2869,0.5722,0.00383,"{'name': 'CONCENTRATED_WEIGHT', 'result': 'FAIL', 'date': '2018-09-28', 'limit': 0.1, 'value': 0.500016}","{'name': 'LOW_SUB_UNIVERSE_SHARPE', 'result': 'PASS', 'limit': 0.29, 'value': 0.39}","{'instrumentType': 'EQUITY', 'region': 'USA', 'universe': 'TOP3000', 'delay': 1, 'decay': 0, 'neutralization': 'MARKET', 'truncation': 0.0, 'pasteurization': 'ON', 'unitHandling': 'VERIFY', 'nanHandling': 'OFF', 'maxTrade': 'OFF', 'language': 'FASTEXPR', 'visualization': False}",-0.1496,0.1723,-494.0,eV9WgLl
"-(ts_zscore(ts_mean(beta_last_60_days_spy, 6), 120))_{'instrumentType': 'EQUITY', 'region': 'USA', 'universe': 'TOP3000', 'delay': 1, 'decay': 0, 'neutralization': 'MARKET', 'truncation': 0.0, 'pasteurization': 'ON', 'unitHandling': 'VERIFY', 'nanHandling': 'OFF', 'maxTrade': 'OFF', 'language': 'FASTEXPR', 'visualization': False}","-(ts_zscore(ts_mean(beta_last_60_days_spy, 6), 120))",0.63,0.0941,0.54,0.0918,0.1398,0.001952,"{'name': 'CONCENTRATED_WEIGHT', 'result': 'PASS'}","{'name': 'LOW_SUB_UNIVERSE_SHARPE', 'result': 'PASS', 'limit': 0.27, 'value': 0.6}","{'instrumentType': 'EQUITY', 'region': 'USA', 'universe': 'TOP3000', 'delay': 1, 'decay': 0, 'neutralization': 'MARKET', 'truncation': 0.0, 'pasteurization': 'ON', 'unitHandling': 'VERIFY', 'nanHandling': 'OFF', 'maxTrade': 'OFF', 'language': 'FASTEXPR', 'visualization': False}",-0.3022,0.278,94.0,vppxk8w
"-(ts_mean(snt1_d1_uptargetpercent, 30))_{'instrumentType': 'EQUITY', 'region': 'USA', 'universe': 'TOP3000', 'delay': 1, 'decay': 0, 'neutralization': 'MARKET', 'truncation': 0.0, 'pasteurization': 'ON', 'unitHandling': 'VERIFY', 'nanHandling': 'OFF', 'maxTrade': 'OFF', 'language': 'FASTEXPR', 'visualization': False}","-(ts_mean(snt1_d1_uptargetpercent, 30))",0.26,0.0407,0.12,0.0247,0.1357,0.001213,"{'name': 'CONCENTRATED_WEIGHT', 'result': 'PASS'}","{'name': 'LOW_SUB_UNIVERSE_SHARPE', 'result': 'FAIL', 'limit': 0.11, 'value': 0.02}","{'instrumentType': 'EQUITY', 'region': 'USA', 'universe': 'TOP3000', 'delay': 1, 'decay': 0, 'neutralization': 'MARKET', 'truncation': 0.0, 'pasteurization': 'ON', 'unitHandling': 'VERIFY', 'nanHandling': 'OFF', 'maxTrade': 'OFF', 'language': 'FASTEXPR', 'visualization': False}",-0.4864,0.5393,198.0,x22WMdq
"-(-(ts_mean(vec_avg(anl4_buy), 30)))_{'instrumentType': 'EQUITY', 'region': 'USA', 'universe': 'TOP3000', 'delay': 1, 'decay': 0, 'neutralization': 'MARKET', 'truncation': 0.0, 'pasteurization': 'ON', 'unitHandling': 'VERIFY', 'nanHandling': 'OFF', 'maxTrade': 'OFF', 'language': 'FASTEXPR', 'visualization': False}","-(-(ts_mean(vec_avg(anl4_buy), 30)))",0.26,0.0418,0.12,0.0246,0.2215,0.001179,"{'name': 'CONCENTRATED_WEIGHT', 'result': 'PASS'}","{'name': 'LOW_SUB_UNIVERSE_SHARPE', 'result': 'FAIL', 'limit': 0.11, 'value': -0.0}","{'instrumentType': 'EQUITY', 'region': 'USA', 'universe': 'TOP3000', 'delay': 1, 'decay': 0, 'neutralization': 'MARKET', 'truncation': 0.0, 'pasteurization': 'ON', 'unitHandling': 'VERIFY', 'nanHandling': 'OFF', 'maxTrade': 'OFF', 'language': 'FASTEXPR', 'visualization': False}",-0.5754,0.5405,14.0,neejOYM
"-(ts_mean(snt1_d1_buyrecpercent, 30))_{'instrumentType': 'EQUITY', 'region': 'USA', 'universe': 'TOP3000', 'delay': 1, 'decay': 0, 'neutralization': 'MARKET', 'truncation': 0.0, 'pasteurization': 'ON', 'unitHandling': 'VERIFY', 'nanHandling': 'OFF', 'maxTrade': 'OFF', 'language': 'FASTEXPR', 'visualization': False}","-(ts_mean(snt1_d1_buyrecpercent, 30))",0.2,0.0063,0.07,0.0152,0.1921,0.004825,"{'name': 'CONCENTRATED_WEIGHT', 'result': 'PASS'}","{'name': 'LOW_SUB_UNIVERSE_SHARPE', 'result': 'PASS', 'limit': 0.09, 'value': 0.29}","{'instrumentType': 'EQUITY', 'region': 'USA', 'universe': 'TOP3000', 'delay': 1, 'decay': 0, 'neutralization': 'MARKET', 'truncation': 0.0, 'pasteurization': 'ON', 'unitHandling': 'VERIFY', 'nanHandling': 'OFF', 'maxTrade': 'OFF', 'language': 'FASTEXPR', 'visualization': False}",-0.5735,0.5989,33.0,PYz0Klq
"-(-(abs(ts_mean(vec_avg(nws18_qmb), 30))))_{'instrumentType': 'EQUITY', 'region': 'USA', 'universe': 'TOP3000', 'delay': 1, 'decay': 0, 'neutralization': 'MARKET', 'truncation': 0.0, 'pasteurization': 'ON', 'unitHandling': 'VERIFY', 'nanHandling': 'OFF', 'maxTrade': 'OFF', 'language': 'FASTEXPR', 'visualization': False}","-(-(abs(ts_mean(vec_avg(nws18_qmb), 30))))",0.04,0.1615,0.0,0.002,0.1054,2.5e-05,"{'name': 'CONCENTRATED_WEIGHT', 'result': 'PASS'}","{'name': 'LOW_SUB_UNIVERSE_SHARPE', 'result': 'FAIL', 'limit': 0.02, 'value': -0.31}","{'instrumentType': 'EQUITY', 'region': 'USA', 'universe': 'TOP3000', 'delay': 1, 'decay': 0, 'neutralization': 'MARKET', 'truncation': 0.0, 'pasteurization': 'ON', 'unitHandling': 'VERIFY', 'nanHandling': 'OFF', 'maxTrade': 'OFF', 'language': 'FASTEXPR', 'visualization': False}",-0.5632,0.2817,77.0,8EJ1Xom
"-(abs(ts_mean(vec_avg(nws18_acb), 30)))_{'instrumentType': 'EQUITY', 'region': 'USA', 'universe': 'TOP3000', 'delay': 1, 'decay': 0, 'neutralization': 'MARKET', 'truncation': 0.0, 'pasteurization': 'ON', 'unitHandling': 'VERIFY', 'nanHandling': 'OFF', 'maxTrade': 'OFF', 'language': 'FASTEXPR', 'visualization': False}","-(abs(ts_mean(vec_avg(nws18_acb), 30)))",0.22,0.166,0.06,0.0128,0.129,0.000155,"{'name': 'CONCENTRATED_WEIGHT', 'result': 'PASS'}","{'name': 'LOW_SUB_UNIVERSE_SHARPE', 'result': 'PASS', 'limit': 0.1, 'value': 0.21}","{'instrumentType': 'EQUITY', 'region': 'USA', 'universe': 'TOP3000', 'delay': 1, 'decay': 0, 'neutralization': 'MARKET', 'truncation': 0.0, 'pasteurization': 'ON', 'unitHandling': 'VERIFY', 'nanHandling': 'OFF', 'maxTrade': 'OFF', 'language': 'FASTEXPR', 'visualization': False}",-0.5494,0.3925,49.0,QNzqX9K
"-(-(abs(ts_mean(vec_avg(nws18_bam), 30))))_{'instrumentType': 'EQUITY', 'region': 'USA', 'universe': 'TOP3000', 'delay': 1, 'decay': 0, 'neutralization': 'MARKET', 'truncation': 0.0, 'pasteurization': 'ON', 'unitHandling': 'VERIFY', 'nanHandling': 'OFF', 'maxTrade': 'OFF', 'language': 'FASTEXPR', 'visualization': False}","-(-(abs(ts_mean(vec_avg(nws18_bam), 30))))",0.73,0.1101,0.36,0.0303,0.0783,0.000551,"{'name': 'CONCENTRATED_WEIGHT', 'result': 'PASS'}","{'name': 'LOW_SUB_UNIVERSE_SHARPE', 'result': 'PASS', 'limit': 0.32, 'value': 0.38}","{'instrumentType': 'EQUITY', 'region': 'USA', 'universe': 'TOP3000', 'delay': 1, 'decay': 0, 'neutralization': 'MARKET', 'truncation': 0.0, 'pasteurization': 'ON', 'unitHandling': 'VERIFY', 'nanHandling': 'OFF', 'maxTrade': 'OFF', 'language': 'FASTEXPR', 'visualization': False}",-0.195,0.257,46.0,3kPa0r6
"-(ts_delta(divide(news_eod_close,news_eps_actual),90))_{'instrumentType': 'EQUITY', 'region': 'USA', 'universe': 'TOP3000', 'delay': 1, 'decay': 0, 'neutralization': 'MARKET', 'truncation': 0.0, 'pasteurization': 'ON', 'unitHandling': 'VERIFY', 'nanHandling': 'OFF', 'maxTrade': 'OFF', 'language': 'FASTEXPR', 'visualization': False}","-(ts_delta(divide(news_eod_close,news_eps_actual),90))",0.36,0.0262,0.17,0.0268,0.0752,0.002048,"{'name': 'CONCENTRATED_WEIGHT', 'result': 'FAIL', 'date': '2021-03-09', 'limit': 0.1, 'value': 0.5}","{'name': 'LOW_SUB_UNIVERSE_SHARPE', 'result': 'PASS', 'limit': 0.16, 'value': 20.0}","{'instrumentType': 'EQUITY', 'region': 'USA', 'universe': 'TOP3000', 'delay': 1, 'decay': 0, 'neutralization': 'MARKET', 'truncation': 0.0, 'pasteurization': 'ON', 'unitHandling': 'VERIFY', 'nanHandling': 'OFF', 'maxTrade': 'OFF', 'language': 'FASTEXPR', 'visualization': False}",-0.0677,0.1184,98.0,5A5kWWn
"-(ts_corr(mdl77_2earningsmomemtummodel_fc_fqsurstd, ts_delay(divide(anl4_netprofita_value, anl4_totassets_value), 90), 120))_{'instrumentType': 'EQUITY', 'region': 'USA', 'universe': 'TOP3000', 'delay': 1, 'decay': 0, 'neutralization': 'MARKET', 'truncation': 0.0, 'pasteurization': 'ON', 'unitHandling': 'VERIFY', 'nanHandling': 'OFF', 'maxTrade': 'OFF', 'language': 'FASTEXPR', 'visualization': False}","-(ts_corr(mdl77_2earningsmomemtummodel_fc_fqsurstd, ts_delay(divide(anl4_netprofita_value, anl4_totassets_value), 90), 120))",0.08,0.0466,0.01,0.0028,0.0943,0.000122,"{'name': 'CONCENTRATED_WEIGHT', 'result': 'PASS'}","{'name': 'LOW_SUB_UNIVERSE_SHARPE', 'result': 'PASS', 'limit': 0.03, 'value': 0.08}","{'instrumentType': 'EQUITY', 'region': 'USA', 'universe': 'TOP3000', 'delay': 1, 'decay': 0, 'neutralization': 'MARKET', 'truncation': 0.0, 'pasteurization': 'ON', 'unitHandling': 'VERIFY', 'nanHandling': 'OFF', 'maxTrade': 'OFF', 'language': 'FASTEXPR', 'visualization': False}",-0.2071,0.355,67.0,E8zV8ML
"-(ts_mean(add(rp_css_revenue,rp_ess_business,scl12_sentiment),30))_{'instrumentType': 'EQUITY', 'region': 'USA', 'universe': 'TOP3000', 'delay': 1, 'decay': 0, 'neutralization': 'MARKET', 'truncation': 0.0, 'pasteurization': 'ON', 'unitHandling': 'VERIFY', 'nanHandling': 'OFF', 'maxTrade': 'OFF', 'language': 'FASTEXPR', 'visualization': False}","-(ts_mean(add(rp_css_revenue,rp_ess_business,scl12_sentiment),30))",0.31,0.124,0.17,0.0381,0.1809,0.000615,"{'name': 'CONCENTRATED_WEIGHT', 'result': 'FAIL', 'date': '2022-11-17', 'limit': 0.1, 'value': 0.247351}","{'name': 'LOW_SUB_UNIVERSE_SHARPE', 'result': 'PASS', 'limit': 0.13, 'value': 0.47}","{'instrumentType': 'EQUITY', 'region': 'USA', 'universe': 'TOP3000', 'delay': 1, 'decay': 0, 'neutralization': 'MARKET', 'truncation': 0.0, 'pasteurization': 'ON', 'unitHandling': 'VERIFY', 'nanHandling': 'OFF', 'maxTrade': 'OFF', 'language': 'FASTEXPR', 'visualization': False}",-0.3884,0.4243,42.0,ZdzgaO8
"-(ts_corr(mdl77_2earningsmomemtummodel_fc_fqsurstd, ts_delay(divide(anl4_netprofit_value, assets), 90), 120))_{'instrumentType': 'EQUITY', 'region': 'USA', 'universe': 'TOP3000', 'delay': 1, 'decay': 0, 'neutralization': 'MARKET', 'truncation': 0.0, 'pasteurization': 'ON', 'unitHandling': 'VERIFY', 'nanHandling': 'OFF', 'maxTrade': 'OFF', 'language': 'FASTEXPR', 'visualization': False}","-(ts_corr(mdl77_2earningsmomemtummodel_fc_fqsurstd, ts_delay(divide(anl4_netprofit_value, assets), 90), 120))",0.28,0.0459,0.07,0.0071,0.0723,0.000311,"{'name': 'CONCENTRATED_WEIGHT', 'result': 'PASS'}","{'name': 'LOW_SUB_UNIVERSE_SHARPE', 'result': 'PASS', 'limit': 0.12, 'value': 0.58}","{'instrumentType': 'EQUITY', 'region': 'USA', 'universe': 'TOP3000', 'delay': 1, 'decay': 0, 'neutralization': 'MARKET', 'truncation': 0.0, 'pasteurization': 'ON', 'unitHandling': 'VERIFY', 'nanHandling': 'OFF', 'maxTrade': 'OFF', 'language': 'FASTEXPR', 'visualization': False}",-0.1502,0.4687,21.0,ArmJv5l
"-(ts_corr(historical_volatility_90, ts_mean(vec_avg(nws18_qcm), 60), 60))_{'instrumentType': 'EQUITY', 'region': 'USA', 'universe': 'TOP3000', 'delay': 1, 'decay': 0, 'neutralization': 'MARKET', 'truncation': 0.0, 'pasteurization': 'ON', 'unitHandling': 'VERIFY', 'nanHandling': 'OFF', 'maxTrade': 'OFF', 'language': 'FASTEXPR', 'visualization': False}","-(ts_corr(historical_volatility_90, ts_mean(vec_avg(nws18_qcm), 60), 60))",0.83,0.0637,0.45,0.0367,0.0546,0.001151,"{'name': 'CONCENTRATED_WEIGHT', 'result': 'PASS'}","{'name': 'LOW_SUB_UNIVERSE_SHARPE', 'result': 'FAIL', 'limit': 0.36, 'value': 0.3}","{'instrumentType': 'EQUITY', 'region': 'USA', 'universe': 'TOP3000', 'delay': 1, 'decay': 0, 'neutralization': 'MARKET', 'truncation': 0.0, 'pasteurization': 'ON', 'unitHandling': 'VERIFY', 'nanHandling': 'OFF', 'maxTrade': 'OFF', 'language': 'FASTEXPR', 'visualization': False}",-0.2734,0.5675,17.0,OMgYVbY
"-(ts_corr(historical_volatility_30, ts_mean(vec_avg(nws18_ssc), 60), 60))_{'instrumentType': 'EQUITY', 'region': 'USA', 'universe': 'TOP3000', 'delay': 1, 'decay': 0, 'neutralization': 'MARKET', 'truncation': 0.0, 'pasteurization': 'ON', 'unitHandling': 'VERIFY', 'nanHandling': 'OFF', 'maxTrade': 'OFF', 'language': 'FASTEXPR', 'visualization': False}","-(ts_corr(historical_volatility_30, ts_mean(vec_avg(nws18_ssc), 60), 60))",0.72,0.0728,0.37,0.0322,0.0717,0.000884,"{'name': 'CONCENTRATED_WEIGHT', 'result': 'PASS'}","{'name': 'LOW_SUB_UNIVERSE_SHARPE', 'result': 'PASS', 'limit': 0.31, 'value': 0.6}","{'instrumentType': 'EQUITY', 'region': 'USA', 'universe': 'TOP3000', 'delay': 1, 'decay': 0, 'neutralization': 'MARKET', 'truncation': 0.0, 'pasteurization': 'ON', 'unitHandling': 'VERIFY', 'nanHandling': 'OFF', 'maxTrade': 'OFF', 'language': 'FASTEXPR', 'visualization': False}",-0.1408,0.2194,41.0,d3vmwOx
"multiply(abs(ts_delta(news_eps_actual,30)),ts_std_dev(returns,30),implied_volatility_mean_30)_{'instrumentType': 'EQUITY', 'region': 'USA', 'universe': 'TOP3000', 'delay': 1, 'decay': 0, 'neutralization': 'MARKET', 'truncation': 0.0, 'pasteurization': 'ON', 'unitHandling': 'VERIFY', 'nanHandling': 'OFF', 'maxTrade': 'OFF', 'language': 'FASTEXPR', 'visualization': False}","multiply(abs(ts_delta(news_eps_actual,30)),ts_std_dev(returns,30),implied_volatility_mean_30)",6.47,0.8,18.79,6.749,0.0439,0.016873,"{'name': 'CONCENTRATED_WEIGHT', 'result': 'FAIL', 'date': '2022-05-12', 'limit': 0.1, 'value': 0.5}","{'name': 'LOW_SUB_UNIVERSE_SHARPE', 'result': 'ERROR'}","{'instrumentType': 'EQUITY', 'region': 'USA', 'universe': 'TOP3000', 'delay': 1, 'decay': 0, 'neutralization': 'MARKET', 'truncation': 0.0, 'pasteurization': 'ON', 'unitHandling': 'VERIFY', 'nanHandling': 'OFF', 'maxTrade': 'OFF', 'language': 'FASTEXPR', 'visualization': False}",-0.057,0.0674,74.0,eVZprop
"ts_corr(news_vol_stddev,returns,30)_{'instrumentType': 'EQUITY', 'region': 'USA', 'universe': 'TOP3000', 'delay': 1, 'decay': 0, 'neutralization': 'MARKET', 'truncation': 0.0, 'pasteurization': 'ON', 'unitHandling': 'VERIFY', 'nanHandling': 'OFF', 'maxTrade': 'OFF', 'language': 'FASTEXPR', 'visualization': False}","ts_corr(news_vol_stddev,returns,30)",0.54,0.1711,0.17,0.0173,0.0782,0.000202,"{'name': 'CONCENTRATED_WEIGHT', 'result': 'PASS'}","{'name': 'LOW_SUB_UNIVERSE_SHARPE', 'result': 'FAIL', 'limit': 0.23, 'value': -0.16}","{'instrumentType': 'EQUITY', 'region': 'USA', 'universe': 'TOP3000', 'delay': 1, 'decay': 0, 'neutralization': 'MARKET', 'truncation': 0.0, 'pasteurization': 'ON', 'unitHandling': 'VERIFY', 'nanHandling': 'OFF', 'maxTrade': 'OFF', 'language': 'FASTEXPR', 'visualization': False}",-0.3931,0.2625,38.0,PYVOzXE
"-(ts_regression(implied_volatility_mean_360,ts_step(1),30,rettype=1))_{'instrumentType': 'EQUITY', 'region': 'USA', 'universe': 'TOP3000', 'delay': 1, 'decay': 0, 'neutralization': 'MARKET', 'truncation': 0.0, 'pasteurization': 'ON', 'unitHandling': 'VERIFY', 'nanHandling': 'OFF', 'maxTrade': 'OFF', 'language': 'FASTEXPR', 'visualization': False}","-(ts_regression(implied_volatility_mean_360,ts_step(1),30,rettype=1))",1.21,0.2011,1.36,0.2548,0.1118,0.002534,"{'name': 'CONCENTRATED_WEIGHT', 'result': 'FAIL', 'date': '2018-08-20', 'limit': 0.1, 'value': 0.348872}","{'name': 'LOW_SUB_UNIVERSE_SHARPE', 'result': 'PASS', 'limit': 0.52, 'value': 0.69}","{'instrumentType': 'EQUITY', 'region': 'USA', 'universe': 'TOP3000', 'delay': 1, 'decay': 0, 'neutralization': 'MARKET', 'truncation': 0.0, 'pasteurization': 'ON', 'unitHandling': 'VERIFY', 'nanHandling': 'OFF', 'maxTrade': 'OFF', 'language': 'FASTEXPR', 'visualization': False}",-0.1342,0.3428,26.0,QN8Wn2r
